lp,1,2,3,4,5,6,7,8,9,10
1,0,1,0.8660254038,0.7071067812,0.5877852523,0.5,0.4338837391,0.3826834324,0.3420201433,0.3090169944
2,0.5937163907,0,-0.4670981726,-0.9639025328,-0.8066066955,0,0.8177247496,0.9375089122,0.2370960152,-0.6754902943
3,-0.8370026186,0.5937163907,-0.4282722448,0.1173791955,0.6840009279,0.9865030413,-0.6444302282,-0.2078805309,0.6318413336,0.9981060381
4,0.5743352214,-0.8370026186,-0.8685744788,0.9981438307,-0.9928774855,-0.04296884018,0.9868091186,-0.5608997968,-0.9664583928,-0.005961312135
5,-0.7265048956,0.5743352214,0.4576584479,-0.005842138589,0.0225346484,0.7556490839,-0.04198197624,0.6305005928,0.1088152517,0.7108643587
6,0.9256170061,-0.7265048956,0.5491162849,0.5095678903,0.9252064703,-0.8499460982,0.5365010335,-0.9636890135,-0.5617928967,-0.9573843653
7,-0.2497865214,0.9256170061,-0.5328848342,-0.1177026092,-0.2512445185,0.5266314327,-0.4145776923,0.1180963057,0.6373867446,0.1393850251
8,-0.01073956777,-0.2497865214,0.37809844,-0.9999205848,0.06220626853,-0.31241752,-0.9621074824,0.9948449639,-0.9766606149,-0.5208149502
9,0.349407136,-0.01073956777,0.8982846685,0.000249510116,0.2351261308,0.5899303716,0.123415879,-0.01627822308,0.07500454232,0.2484836647
10,0.4201120288,0.349407136,-0.3482761456,-0.4440722789,0.7138197594,-0.8179413785,0.3170284452,0.977112374,-0.8647542396,0.076609309
11,0.9301431727,0.4201120288,-0.3934403413,-0.711283248,-0.9519397833,0.6436518455,-0.4659604142,-0.07352145177,0.4718065059,-0.1664918982
12,-0.2337609296,0.9301431727,-0.9914388161,0.9566294272,0.1579442041,-0.9858375739,-0.4430541327,0.9496168925,0.3667014647,-0.01978530135
13,-0.7662404187,-0.2337609296,0.02712467311,-0.1419488667,0.8628928322,0.04511642912,-0.7226161259,-0.1659103788,0.7562817635,-0.9910699921
14,0.8182823149,-0.7662404187,0.4063432199,0.1402490011,-0.4787017174,0.4951167996,0.934172789,-0.08581835632,-0.8481085071,0.02830345072
15,-0.6424262923,0.8182823149,0.9924934708,-0.3976540118,-0.2759231279,0.06192966895,-0.219571047,0.8873863946,0.5334225217,-0.862942366
16,0.9842333381,-0.6424262923,-0.02375858242,-0.9989267201,0.9248410009,0.4465552152,-0.9854666166,-0.3882051811,-0.383593167,0.4785182237
17,-0.05030466013,0.9842333381,-0.2791518626,0.003375424489,-0.252543074,0.6830909032,0.04631474739,-0.9716633924,-0.944105424,0.278341119
18,0.371411284,-0.05030466013,0.9667773923,0.7268887646,0.126204177,-0.9935878899,-0.9590618824,0.0914901095,0.184923528,-0.9578801662
19,0.8227601628,0.371411284,-0.1077489771,-0.9247503257,-0.2375122495,0.02027284984,0.1336991595,0.2177041196,-0.9581994739,0.137702928
20,-0.6262743747,0.8227601628,0.7721738378,0.2528653421,-0.6136742092,-0.855997299,-0.9979225339,0.9572677179,0.136620328,-0.7332760803
21,0.9541674235,-0.6262743747,-0.7997698557,-0.1419150226,0.9183411155,0.504241846,0.006540092676,-0.1397809682,-0.8435779451,0.9097708955
22,-0.1503315109,0.9541674235,0.7079053906,0.1454728956,-0.2757312821,-0.05283158524,0.2999438634,0.465289422,0.5501432997,-0.3065594645
23,-0.8881864851,-0.1503315109,-0.9625559192,0.3851990851,0.9217988969,-0.224053182,-0.8670036915,0.4517495697,-0.5418918701,0.733276436
24,0.3852641968,-0.8881864851,0.1219061133,0.9548083838,-0.2633739894,-0.9933339728,0.4634750237,0.6218430628,0.4668560795,-0.9097700327
25,0.955217158,0.3852641968,0.5954698135,-0.1481460197,0.5956812529,0.02108091676,0.4751703553,-0.9428620805,0.4314213077,0.3065625817
26,-0.1467533702,0.955217158,-0.845426629,-0.706891315,-0.8464253253,-0.9800223406,0.3224558661,0.1892341106,0.8408082513,-0.7332055826
27,-0.5512434308,-0.1467533702,0.5433247338,0.964262219,0.5396386475,0.06399729258,-0.3125989665,-0.7793676675,-0.560345951,0.9099418179
28,0.5514347189,-0.5512434308,-0.4803216707,-0.1161717603,-0.44531447,-0.9230828408,0.5852073915,0.7766675412,0.6261939614,-0.3059419918
29,-0.5530828655,0.5514347189,-0.2545827592,-0.9430491403,-0.6972744303,0.25879797,-0.7924678246,-0.7854184429,-0.9539744409,0.7471816113
30,0.5671464826,-0.5530828655,0.2242837266,0.1885850923,0.9786813928,-0.4143242758,0.7330008493,0.7567349831,0.150989958,-0.8738170903
31,-0.6771544019,0.5671464826,0.9915694366,-0.8138751828,-0.06837988101,-0.963360939,-0.9104375068,-0.8467877436,0.9263166468,0.4382576749
32,0.9973377582,-0.6771544019,-0.02670740516,0.6582183347,-0.9248568513,0.1191986512,0.304151856,0.5383005847,-0.2473034592,0.7740311937
33,-0.008385906477,0.9973377582,0.9838968919,-0.9981713868,0.2524867438,0.940194232,-0.7859609141,-0.4323113381,-0.1365925015,-0.7938712008
34,0.7019631084,-0.008385906477,-0.05139473306,0.005755250299,-0.1234505416,-0.1985093341,0.7549273498,-0.8325984609,0.846084313,0.7282158729
35,-0.9720583136,0.7019631084,0.9909934989,-0.6972896641,-0.3102416995,0.1176824494,-0.8520335155,0.590473932,-0.5408974804,-0.9217241137
36,0.09018197332,-0.9720583136,-0.02854803124,0.9786611715,0.645361688,0.9999677554,0.5189119458,-0.8207518156,0.4574044482,0.2636407304
37,-0.2750384972,0.09018197332,0.08999534774,-0.06844605188,-0.9879237508,-0.0001013027042,-0.226997033,0.6335310493,0.5522980651,-0.6053313316
38,0.9102950866,-0.2750384972,-0.3437152396,-0.9408312848,0.03839297448,0.9556077298,-0.9561101578,-0.9697791335,-0.560480393,0.8881540027
39,-0.3046661043,0.9102950866,-0.2808456186,0.196291316,0.1453537513,-0.1454235758,0.1437141527,0.0977439714,0.6272419169,-0.3853835696
40,0.7750627123,-0.3046661043,0.9818876289,-0.292445102,0.3688038709,-0.3784298769,0.1307641389,0.6632185208,-0.9564545664,-0.9559615163
41,-0.7905749281,0.7750627123,-0.05791889651,0.9681482341,0.787319424,-0.9014585303,-0.8947459203,-0.9996998844,0.1425431525,0.1442197371
42,0.7394243699,-0.7905749281,0.7407344428,-0.1031734639,-0.7503863138,0.3367075481,0.3612084466,0.0009431237611,-0.04842258408,0.2062816213
43,-0.89440889,0.7394243699,-0.8910228943,0.8227928222,0.8649451548,0.09430725912,0.6648756045,0.8203663244,-0.8888273864,0.460300642
44,0.3624418738,-0.89440889,0.3748494985,-0.6261562082,-0.4710993354,0.9474630768,-0.9999194275,-0.6349216641,0.3829093607,0.5157675104
45,0.6866897523,0.3624418738,0.8643387153,0.9538836841,-0.3759820437,-0.1733219055,0.0002531464383,0.9723717926,0.9391833573,-0.1909040348
46,-0.9905743846,0.6866897523,-0.4733456817,-0.1512996847,-0.8767580891,0.6622276951,0.7759252061,-0.08914425161,-0.202032962,0.6804921622
47,0.02988875403,-0.9905743846,-0.3464734981,-0.9415185556,0.4273860163,-0.9995011543,-0.7878078622,0.6320182506,-0.1574044567,-0.9954203144
48,-0.9910578915,0.02988875403,-0.3498762348,0.1939006967,0.8760116088,0.001567951422,0.7487487497,-0.9668149073,-0.8953299994,0.01445319665
49,0.02834213888,-0.9910578915,-0.4310208342,-0.4742453815,-0.4301444724,-0.6497800781,-0.869504147,0.1076236189,0.3590716028,-0.5590817566
50,-0.7767877393,0.02834213888,-0.8444515694,-0.3346350796,-0.8523121995,0.9925103682,0.4542165784,-0.7933037167,0.6253410703,0.6162597067
51,0.7850308743,-0.7767877393,0.5469218796,-0.03665461767,0.5178809809,-0.02370470775,0.5918264258,0.7301530568,-0.9519001278,-0.9266293989
52,-0.7580244393,0.7850308743,-0.5133219176,0.7738911773,-0.2152431448,-0.5508938451,-0.8276371056,-0.9172246203,0.158079961,0.2461941723
53,0.8430101482,-0.7580244393,0.1623418407,-0.7943175217,-0.8967679877,0.5484141437,0.6085762,0.2797316116,0.8541344924,0.1930395567
54,-0.5522361997,0.8430101482,0.481317139,0.7266901476,0.3538146333,-0.5266723578,-0.9005288617,-0.9724760311,-0.5111377632,-0.5365836541
55,0.5599525417,-0.5522361997,0.2414781953,-0.9251992415,0.5189079785,0.3128578292,0.340093065,0.08879931373,0.1364841565,0.4153980237
56,-0.6231179942,0.5599525417,0.4290757116,0.251270198,-0.2269519536,-0.5784443897,0.186234355,-0.7318616739,-0.8556750854,0.9579194682
57,0.9462556925,-0.6231179942,0.8616857009,-0.06348164473,-0.9569120204,0.7526512496,-0.9172280027,0.9131767655,0.5054348199,-0.1375696459
58,-0.1774871301,0.9462556925,-0.4831734509,0.7013412615,0.1409887901,-0.8585537937,0.2797194852,-0.2942752317,-0.0675102046,0.7481244211
59,0.9124200752,-0.1774871301,-0.2170704604,-0.9729821428,-0.2873144767,0.494774605,-0.9723624729,0.9492734198,-0.555373103,-0.8712282899
60,-0.2970008056,0.9124200752,-0.9442394714,0.08712542816,0.9981254427,0.0663090519,0.08917509493,-0.1670906924,0.5862812871,0.4478349514
61,0.9139635397,-0.2970008056,0.1844592597,-0.99754817,-0.005900121427,-0.2514192034,-0.6225254945,0.04781623699,-0.7984268359,0.6682714142
62,-0.2914435488,0.9139635397,-0.9695532883,0.007721506274,0.999293873,0.07087479234,0.9446928575,0.2687238249,0.712556775,-0.9999359742
63,0.9767296517,-0.2914435488,0.09849492917,-0.9996509952,-0.002219929023,0.3369306229,-0.1828896446,-0.7679182893,-0.9543000687,0.0002011559806
64,-0.07477782144,0.9767296517,0.4618298636,0.00109681364,-0.993909998,0.1004553095,0.9948808221,0.8131001389,0.1498790475,-0.7429239099
65,0.9213947083,-0.07477782144,0.4962759113,-0.7461198737,0.01924834656,-0.1419106886,-0.01616441985,-0.660983808,0.857451219,0.8852793348
66,-0.2648159476,0.9213947083,0.04713198944,0.8767107838,-0.1486279777,0.1461417384,0.4136094544,0.9991793746,-0.4988580592,-0.3959566992
67,0.6465585098,-0.2648159476,-0.630163896,-0.4275608021,-0.7538214552,0.474380423,0.9667928276,-0.002580185099,-0.01438240456,-0.9967856462
68,-0.9892797812,0.6465585098,0.9629747045,-0.8745583966,0.8552135384,0.3328574412,-0.1076973982,0.9765339836,0.9957367684,0.01013058095
69,0.03403693911,-0.9892797812,-0.1204971917,0.4355164351,-0.5071435469,-0.01347436341,0.7809710283,-0.07542047984,-0.0134502749,0.7881828375
70,-0.9295972781,0.03403693911,-0.807071088,0.8018009672,0.08838849708,-0.6252644432,-0.7714280638,0.7268103986,-0.8880249544,-0.7474898592
71,0.2356889333,-0.9295972781,0.6823643703,-0.7008422345,-0.833539704,0.9517112995,0.8021247931,-0.9249275741,0.3858578433,0.8729726708
72,0.6911158855,0.2356889333,-0.9941296166,0.9737135883,0.587029886,-0.1587265115,-0.6997130308,0.2522354176,0.9588542072,-0.4413809095
73,-0.9861364499,0.6911158855,0.0185501922,-0.08470892846,-0.802522459,-0.8092842257,0.9753358398,-0.1111384503,-0.1344022282,-0.7409338075
74,0.04415156634,-0.9861364499,-0.2856297359,0.5746684137,0.6983251973,0.6745442355,-0.0793606276,-0.006955199937,0.9824943534,0.8905042636
75,0.8920693662,0.04415156634,0.9999947031,-0.7286805569,-0.9772665188,-0.9984860686,-0.9503680044,0.6438910593,-0.05594627155,-0.376752427
76,-0.3710117936,0.8920693662,-0.00001664088711,0.9206536139,0.07301568243,0.004763349122,0.1633313972,-0.9861400508,0.3847371062,-0.8848467889
77,-0.8175493398,-0.3710117936,-0.1558515148,-0.2674615766,-0.8169051221,-0.1987154593,0.3754783302,0.04413994504,0.9518519027,0.3975490582
78,0.645060317,-0.8175493398,-0.9656790337,0.7314267311,0.6473729602,0.1013653561,0.8713121762,0.8834475322,-0.1582450664,0.9988279411
79,-0.9875688141,0.645060317,0.1114227388,-0.9142141352,-0.9901539843,-0.4106452506,-0.4475245192,-0.4027026633,-0.843168378,-0.003686444083
80,0.03953501113,-0.9875688141,0.07899540655,0.2905421157,0.03123467674,-0.9793449058,-0.6718834722,-0.998611122,0.5516530298,0.7377618686
81,-0.7978628723,0.03953501113,0.8778701415,-0.9833550271,0.04929899017,0.06620999668,0.9993306933,0.004369343641,-0.5549598056,-0.8986498887
82,0.7145053709,-0.7978628723,-0.4232780113,0.05315179343,0.7792330462,-0.3193347979,-0.002104095822,0.4048405331,0.5828633103,0.3469434349
83,-0.9506378176,0.7145053709,-0.9081608791,0.5515394565,-0.7771060178,0.4014960356,0.7365072132,0.9955939543,-0.7791163286,0.3613550598
84,0.1624057013,-0.9506378176,0.3123808115,-0.5539838899,0.7840037077,0.9995718065,-0.9018083304,-0.01390281129,0.7774859976,0.6675073357
85,0.4746332606,0.1624057013,-0.5908841052,0.5747311146,-0.761433674,-0.001345785453,0.3354343811,0.2245813266,-0.7827757037,-0.9999823888
86,0.3295287212,0.4746332606,0.8228561378,-0.7290888777,0.8328841931,0.1888974742,0.05899934652,0.9889936448,0.7654936426,0.00005532820269
87,-0.108600256,0.3295287212,-0.6259271091,0.9197083432,-0.5894287344,-0.7975614608,0.1584812038,-0.03495516982,-0.8205748902,-0.1096755178
88,0.6081333738,-0.108600256,0.9533308323,-0.2708393454,0.8153256145,0.7155456631,0.8268978447,-0.9429156756,0.6341693798,0.361704718
89,-0.8988881157,0.6081333738,-0.1531873594,0.8231301093,-0.6530332978,-0.948634837,-0.6112654666,0.1890481402,-0.9709848719,0.6737416103
90,0.3460743361,-0.8988881157,-0.9961463579,-0.624935563,0.9951645414,0.1692867591,0.9101704959,-0.7894959615,0.09373975373,-0.9987758832
91,0.3400600189,0.3460743361,0.0121531095,0.9508962291,-0.01526426108,-0.2876183377,-0.3051160335,0.743069687,0.8641881672,0.003850380248
92,0.1853523152,0.3400600189,0.7774126607,-0.1615194818,0.9992282581,0.9973518747,0.7653652726,-0.8848932198,-0.473903348,-0.7811981023
93,-0.9462184683,0.1853523152,-0.7830128557,-0.5652067739,-0.002426368839,-0.008341323532,-0.8209681087,0.3973781121,-0.3391366747,0.7706834998
94,0.1776156645,-0.9462184683,0.764710944,0.6630445021,-0.4214946451,0.3533239349,0.6327504721,0.9986576278,-0.1605795164,-0.8044680412
95,-0.9175872979,0.1776156645,-0.8229684183,-0.9996686559,-0.9208569724,0.5083274601,-0.9682684517,-0.004222842719,-0.6552680881,0.6915173777
96,0.2784316226,-0.9175872979,0.6255207904,0.001041293132,0.2667353839,-0.1027499693,0.1027727212,-0.5690680304,0.996642064,-0.9856950759
97,-0.9589272689,0.2784316226,-0.9523414072,0.8828418798,-0.7092496272,0.7451811398,-0.7496778444,0.6907985473,-0.01058461259,0.04557664727
98,0.1341548562,-0.9589272689,0.1565697517,-0.404934458,0.960241798,-0.8792498656,0.8669240149,-0.9864808064,-0.9973380008,-0.1841059499
99,-0.9896088122,0.1341548562,0.9375697295,-0.995423561,-0.1297091532,0.4181835919,-0.463770096,0.04304055288,0.008385140485,0.9770377529
100,0.03298167762,-0.9896088122,-0.2076679055,0.01444290427,0.7910088766,0.9422502511,-0.4713712296,-0.6704578456,-0.7259211492,-0.07376634385
101,0.8440999324,0.03298167762,-0.548023102,-0.6803032584,-0.7379549272,-0.1913581192,-0.3724149311,0.9996449969,0.9269274435,0.9843891028
102,-0.5482186899,0.8440999324,0.5231932515,0.9955420427,0.8981606478,0.6513663297,-0.8355019758,-0.001115671035,-0.2451374472,-0.0498002201
103,0.524935118,-0.5482186899,-0.2749471579,-0.01406733549,-0.3487287911,-0.9938798769,0.5798408109,-0.8469393449,-0.2466935393,-0.2493974087
104,-0.2940483318,0.524935118,0.9087177298,0.2689222802,-0.4041772219,0.01934412311,-0.7611985153,0.5377408037,-0.1676332465,-0.03035806455
105,0.9518315753,-0.2940483318,-0.3103663833,-0.7734158996,-0.9967073716,-0.8176305368,0.8335889516,-0.426825116,0.1084734166,-0.1868370614
106,-0.158314664,0.9518315753,0.6422488755,0.795830537,0.01037808266,0.6447686705,-0.5868496075,-0.88062946,-0.6346325991,0.8942033812
107,-0.838443957,-0.158314664,-0.9839935026,-0.7215041417,0.9006542295,-0.9872201442,0.8015405177,0.4130924881,0.9718432172,-0.3631941174
108,0.5690413146,-0.838443957,0.05108164785,0.9365426512,-0.339636369,0.04065763323,-0.7017498284,0.9691783498,-0.09089434575,-0.6996291633
109,-0.6906111207,0.5690413146,-0.9712572741,-0.2112610878,-0.1740163648,0.9552115477,0.9723767073,-0.09974228592,0.005605999069,0.9754544965
110,0.9866823167,-0.6906111207,0.09283627944,-0.7428377665,0.7146500424,-0.1467724777,-0.08912798693,-0.08108334896,0.930165052,-0.07897004223
111,-0.04239074567,0.9866823167,0.657412391,0.8855072847,-0.9503612438,-0.5535665203,0.6369889798,-0.8654830341,-0.2336836837,-0.8716814933
112,0.9602459162,-0.04239074567,-0.9978006108,-0.3951176793,0.1633545969,0.5712269138,-0.975994913,0.4691070252,-0.769087378,0.446157883
113,-0.1296952405,0.9602459162,0.006924760114,-0.9952944699,0.3729451252,-0.7057330559,0.07719218895,0.4020715894,0.8094643276,0.6876532036
114,0.7894166425,-0.1296952405,0.9597083355,0.01485220283,0.8420315106,0.9661690807,0.1419007248,0.9991813636,-0.6739063612,-0.9896760428
115,-0.7433371967,0.7894166425,-0.1315121606,-0.8608694007,-0.5558418966,-0.1097827953,-0.1476793155,-0.002573926527,0.9987188473,0.03276613883
116,0.8841834872,-0.7433371967,0.9472398094,0.4861973454,0.5901394983,0.3354708725,-0.6579377068,-0.9993499112,-0.004030011939,0.9981601953
117,-0.3999916099,0.8841834872,-0.1740915673,0.1774289418,-0.8190255957,0.06001631402,0.9980462624,0.002043641415,-0.4207205022,-0.00579053807
118,-0.9999999864,-0.3999916099,0.7200832031,-0.9100290322,0.6397522965,0.8730538489,-0.00614982426,-0.8487326071,-0.9261175596,-0.8172040161
119,0.00000004263162922,-0.9999999864,-0.9395200661,0.3056269622,-0.9804127209,-0.4410806272,-0.9447827913,0.5311165878,0.2480098143,0.6463002608
120,0.9939566943,0.00000004263162922,0.2008587345,-0.7541742973,0.06272343952,-0.7441792985,0.1825784191,-0.3598561317,0.1006695911,-0.9889943888
121,-0.01909987673,0.9939566943,0.06710603283,0.8542013792,-0.1781052526,0.8819393087,-0.9974129359,-0.6401110817,-0.2074417316,0.03495278165
122,-0.8998974598,-0.01909987673,0.303664314,-0.5108902001,0.9358237775,-0.4082615804,0.008148492353,0.9809511099,-0.5341525343,0.9408528512
123,0.3423938775,-0.8998974598,-0.7961055908,0.1335331136,-0.2137790252,-0.9873966895,0.7663143323,-0.06096811477,0.3910139586,-0.1962162637
124,0.246824219,0.3423938775,0.7205591065,-0.9993787381,-0.8481319846,0.04008911283,-0.8180549343,-0.9529946679,0.9837548883,0.2982937375
125,0.1609825267,0.246824219,-0.9385292762,0.001952963933,0.5333357869,0.1736981659,0.6432437195,0.1543359674,-0.0518550247,-0.8944045241
126,0.6174996264,0.1609825267,0.2043155582,0.1322688199,-0.3827084678,-0.6911300375,-0.9853134997,0.9979007136,0.779514723,0.3624578535
127,-0.9304293881,0.6174996264,0.3257302367,-0.9820742288,-0.9376956424,0.9861210003,0.04680961093,-0.006608928909,-0.7761883078,0.6869674996
128,0.2327506038,-0.9304293881,-0.2182201724,0.05731197402,0.2072277535,-0.04420142915,-0.9089755064,0.8278724348,0.786961819,-0.9903193249
129,0.802400725,0.2327506038,-0.9665777391,-0.9868696501,0.5208677638,-0.9254313014,0.3094342302,-0.6077196626,-0.7515836128,0.03070520463
130,-0.698750176,0.802400725,0.1084162618,0.04178687633,-0.2490760596,0.2504459525,-0.6653191372,0.8973415842,0.8615787678,0.9774219729
131,0.9766827612,-0.698750176,-0.6463575586,-0.2152038015,-0.04659770407,-0.02237423561,0.9999544524,-0.3517192661,-0.4835695761,-0.07250576005
132,-0.07493180942,0.9766827612,0.9890580505,-0.8955840537,0.9922264398,-0.8194765079,-0.000143098513,-0.4729845537,-0.2118681698,0.6079111194
133,0.8844513888,-0.07493180942,-0.03474844387,0.3581424311,-0.02461020297,0.6381286978,-0.5693652615,-0.3512225591,-0.7706810934,-0.898058929
134,-0.3990049847,0.8844513888,-0.641609183,0.6074682018,-0.9132638577,-0.9778754792,0.6928794738,-0.4618174413,0.8044756017,0.3491000729
135,-0.9998082043,-0.3990049847,0.9831127127,-0.8963951147,0.293961664,0.07101898124,-0.98415058,-0.4964347588,-0.6914908659,0.4129221939
136,0.000602659403,-0.9998082043,-0.05393810008,0.3551772372,-0.9527926822,0.2509490949,0.05057272947,-0.04510858534,0.985724417,0.9699462705
137,-0.8306559535,0.000602659403,-0.9922047846,0.5477204424,0.1550264028,-0.04750839585,-0.6530178602,-0.5056002155,-0.04548187575,-0.09718841384
138,0.5975721615,-0.8306559535,0.0246792853,-0.5204910574,0.9879397167,0.1530547371,0.9951533643,0.0695387244,0.04151964639,-0.7887904166
139,-0.8551937751,0.5975721615,0.9980636452,0.2448459959,-0.0383416212,0.9944305817,-0.01529971312,0.930326646,0.2638231807,0.7454468999
140,0.5072167109,-0.8551937751,-0.006095002364,0.2614478159,-0.2526970866,-0.01759392879,0.905764717,-0.2331132357,-0.6118701585,-0.8785328989
141,-0.08927852267,0.5072167109,-0.2146016096,-0.5228867684,0.133721623,-0.4878307747,-0.3210610524,-0.7896940411,0.9122627212,0.4208305403
142,0.590075893,-0.08927852267,-0.8766132905,0.2715615618,-0.9976604563,-0.1560967811,0.3525119225,0.742401364,-0.2975678542,0.9253792418
143,-0.8186962235,0.590075893,0.4279210331,-0.840253233,0.007367062301,-0.9569695196,0.4905839887,-0.886659615,0.9055987784,-0.2506308409
144,0.640937593,-0.8186962235,0.8715422486,0.5623884076,-0.730437253,0.1407934966,0.1203040559,0.3908778583,-0.3216628857,0.03162443327
145,-0.982160873,0.640937593,-0.4466731362,-0.6419382704,0.9165564387,-0.3167773205,0.8310709442,0.9832488346,0.3353211795,-0.9284754292
146,0.0570302321,-0.982160873,-0.6817332967,0.9835689726,-0.2821280021,0.4728967676,-0.5960568269,-0.05349634283,0.0558427689,0.2396552951
147,-0.9941118507,0.0570302321,0.9945817016,-0.05245783808,0.9902479576,0.352376738,0.8481902255,-0.8219851561,-0.2867608378,0.5162157511
148,0.01860665804,-0.9941118507,-0.01711398424,0.1964094815,-0.03093372434,0.4876018552,-0.5331206191,0.6290769805,0.9991949375,-0.1960930967
149,-0.7198672973,0.01860665804,-0.9770994211,-0.2832237367,-0.8561946376,0.1590824187,0.3805109884,-0.9606168343,-0.002531213603,0.3078771669
150,0.9399674205,-0.7198672973,0.07356395814,0.9953291239,0.5035111815,0.7824881619,0.9201765105,0.1284425397,0.2101924481,-0.7027585921
151,-0.1992995013,0.9399674205,-0.9570649087,-0.01474231807,-0.04380110512,-0.7664417659,-0.2691659732,-0.6238132411,0.6901492712,0.9708566672
152,0.05518237199,-0.1992995013,0.1404695514,0.5037923816,-0.5077585912,0.8176627124,0.7800770099,0.9480580595,-0.9871729118,-0.09416511776
153,0.3731699593,0.05518237199,-0.3651447832,-0.04728009842,0.0958601426,-0.6446530909,-0.7743534298,-0.1712720987,0.04080976588,-0.930187958
154,0.844758407,0.3731699593,-0.7318873772,0.4555243075,0.9771776573,0.9870805522,0.7928430197,0.4854312248,0.9999234471,0.2336028153
155,-0.5457900957,0.844758407,0.9131153137,0.5757055294,-0.07330723145,-0.04110728949,-0.7317234372,0.1874555451,-0.0002405163075,0.7720535847
156,0.5030634357,-0.5457900957,-0.2944965002,-0.7353897267,0.9031898294,-0.8552324364,0.9135069812,-0.8680052954,0.7660167311,-0.8001501095
157,-0.03825250842,0.5030634357,0.9467206499,0.9045904,-0.3304098317,0.5070735862,-0.2930864694,0.4597659663,-0.8189699331,0.7065856567
158,-0.4316727445,-0.03825250842,-0.1758822382,-0.3253220533,0.08329482743,-0.08753713216,0.9619953828,0.5225511349,0.6399526468,-0.9647698053
159,-0.8385046153,-0.4316727445,0.8347321773,0.2300136039,0.01742682975,0.9714259849,-0.1237934636,-0.2678455318,-0.9807143548,0.1144690779
160,0.5688184009,-0.8385046153,-0.5826624976,0.8875132653,-0.9329600908,-0.09227693366,-0.2425106231,0.742804521,0.0617398002,0.7375476798
161,-0.689044761,0.5688184009,0.7779504803,-0.3877387368,0.2238335773,-0.4901433945,-0.378414805,-0.8855952152,0.5801533584,-0.8991916705
162,0.9883115818,-0.689044761,-0.7812720928,-0.969316263,0.9948256961,-0.1260166389,-0.9013153555,0.3947940592,-0.7630882103,0.344967146
163,-0.03714597868,0.9883115818,0.7704407546,0.09928337787,-0.01633937655,0.2013719034,0.3372287691,0.9946418017,0.8278999016,0.3125202811
164,-0.2462107533,-0.03714597868,-0.8052302793,0.2248201758,0.5924660259,0.1068108282,0.1086536475,-0.01692315055,-0.6076196761,-0.5872573255
165,-0.1921962894,-0.2462107533,0.6888423272,0.986685622,-0.8308398795,-0.9079413825,-0.5967879712,0.2809575167,0.8969658321,0.8037573261
166,0.5954193811,-0.1921962894,-0.9885149557,-0.04238008917,0.5969006336,0.3131751421,0.8515928522,-0.9827219769,-0.3530917985,-0.6940076451
167,-0.8451878774,0.5954193811,0.0364924369,0.954877404,-0.8521132747,-0.5701152212,-0.5205419728,0.05520677799,-0.5032847447,0.9828167953
168,0.5442056848,-0.8451878774,-0.953868556,-0.1479108119,0.5186168924,0.6980947898,0.2454183618,0.3497040284,0.04099642509,-0.054898828
169,-0.4885101564,0.5442056848,0.1513513169,-0.6826417189,-0.2236412333,-0.9775802452,0.2324516463,0.4270267957,0.9433775426,-0.6260394254
170,-0.1472442844,-0.4885101564,0.9438817692,0.9939254934,-0.9959795805,0.07198674018,0.8126391728,0.8789770913,-0.1874460992,0.9536023215
171,-0.6093384485,-0.1472442844,-0.1856983502,-0.01919907775,0.01268116533,-0.3344567213,-0.6626268561,-0.4191905504,0.8684243471,-0.1522601742
172,0.9033178177,-0.6093384485,0.9355300217,-0.2664030601,0.4339876996,-0.03165107248,0.9995873267,-0.9360533484,-0.4582143234,-0.9774637814
173,-0.3299446366,0.9033178177,-0.214808644,0.6988159653,0.8167251418,0.9562481804,-0.001296986164,0.21297466,-0.5421376089,0.07236864366
174,0.09664610394,-0.3299446366,-0.8833151771,-0.9765918023,-0.6480186508,-0.1432447944,0.05729673581,0.817436854,0.4691783639,-0.5407531496
175,0.8867297729,0.09664610394,0.4031903283,0.07523055464,0.9908192772,-0.05947770468,-0.9891193769,-0.6454642882,0.40113904,0.4560253472
176,-0.3906198101,0.8867297729,0.9980695413,-0.7948899425,-0.02910522508,-0.5542040723,0.0345516252,0.9880433466,0.999751332,0.5694933275
177,-0.9822672226,-0.3906198101,-0.006076407801,0.7247306168,-0.9022585735,0.576573399,0.180591997,-0.03800833928,-0.0007814077468,-0.6937736278
178,0.05668447562,-0.9822672226,-0.9752847108,-0.929571684,0.3337961844,-0.740930959,-0.9931259636,-0.8271081524,0.7255187723,0.9830974937
179,-0.9027909498,0.05668447562,0.07952895561,0.23577936,0.01306828661,0.8905116799,0.02174318389,0.6105006402,-0.9278254197,-0.05398749721
180,0.3318599578,-0.9027909498,0.9730720009,0.6874121108,0.9977984721,-0.3767252111,-0.02693753405,-0.9074845297,0.2419560011,-0.9974341787
181,-0.04183145716,0.3318599578,-0.08682839278,-0.9899044198,-0.006931508469,-0.8845659762,0.3766466694,0.314828963,0.4057304802,0.008081412945
182,0.2926749912,-0.04183145716,0.9985791978,0.03203417815,-0.7474895302,0.3985830249,0.8837535584,-0.526050825,0.993853737,-0.7273800642
183,-0.9660011118,0.2926749912,-0.004469917695,-0.6293004724,0.8729735731,0.99961023,-0.4015752269,0.3061562359,-0.01942724507,0.9236354066
184,0.1103447501,-0.9660011118,0.7749682378,0.9611081582,-0.4413775719,-0.001224975685,-0.9995254654,-0.7423865211,0.9966920964,-0.2568307313
185,-0.1951099319,0.1103447501,-0.7908774216,-0.1267843669,-0.7409699518,-0.8804119526,0.001491501517,0.8866987354,-0.01042638698,0.3280307151
186,0.3835995926,-0.1951099319,0.7384002625,0.3463888937,0.8904101429,0.4138949567,0.9940611769,-0.3907339679,0.2774788901,-0.1517628974
187,0.9441506383,0.3835995926,-0.8970288299,0.3478006853,-0.3770978364,0.9654405837,-0.01876772587,-0.9827050547,-0.9472214895,-0.9609694056
188,-0.1847669197,0.9441506383,0.3528616552,0.382073903,-0.8883793051,-0.1122212046,0.7764086983,0.05526174323,0.1741547321,0.1272525082
189,0.9622197133,-0.1847669197,0.4982617671,0.9328715452,0.3845556322,-0.2760577542,-0.7862524214,0.2961454808,-0.7246092713,-0.4303467996
190,-0.1230379226,0.9622197133,0.02191772613,-0.2241450751,0.9506635559,0.9269386635,0.7539546396,-0.9259324061,0.9298390458,-0.850511202
191,-0.3901459728,-0.1230379226,-0.92367397,-0.9926549269,-0.1623174163,-0.245097674,-0.8548317575,0.2486668875,-0.2348348868,0.5245421207
192,-0.9803890603,-0.3901459728,0.2566934863,0.02324387761,-0.4838675151,-0.2487083844,0.5085568539,0.06731783817,-0.7253262413,-0.2897597462
193,0.06280062078,-0.9803890603,-0.3218455237,-0.0693158741,-0.2079570067,-0.06521453451,-0.1055225275,0.4402109731,0.9282535473,0.9882398572
194,-0.23830115,0.06280062078,0.3300946019,-0.9736098348,-0.5654921502,0.8670785703,0.9973105087,0.753504306,-0.2404404349,-0.03737652596
195,-0.5785234006,-0.23830115,-0.09233971527,0.08505151172,0.6651416621,-0.4631977222,-0.008471970187,-0.8561213399,-0.4790927072,-0.6964529427
196,0.7531394212,-0.5785234006,-0.5101864604,-0.6900681139,-0.9999416337,-0.4787370195,-0.1137874375,0.503782576,-0.2707712336,0.9797590647
197,-0.8571634614,0.7531394212,0.1251222345,0.9872582424,0.0001833737758,-0.2754579458,-0.6170778141,-0.04715885771,0.8214697171,-0.06485690456
198,0.4999236988,-0.8571634614,-0.0245502207,-0.04053493144,-0.8800250805,0.9173571286,0.929149286,0.6002296148,-0.6309393347,0.967447296
199,0.0009589747985,0.4999236988,-0.7441990738,-0.8606141173,0.4153224612,-0.279256586,-0.2372721614,-0.8670251661,0.964608439,-0.1055116718
200,0.6367684034,0.0009589747985,0.8818864267,0.4871429996,0.9583135133,0.9678475873,-0.6241864368,0.4633954959,-0.1150102186,0.9975303322
201,-0.9756214058,0.6367684034,-0.408456561,0.1650709861,-0.1362338173,-0.1041760252,0.9490115663,0.4761936112,-0.8183672088,-0.007777820646
202,0.07842076311,-0.9756214058,-0.9868086741,0.1812051341,0.8767926146,0.9518902501,-0.167990942,0.3089756867,0.6421210302,-0.9754208832
203,0.7032645858,0.07842076311,0.04198340916,-0.9982918776,-0.4272584519,-0.1581137777,0.1480451536,-0.6764918811,-0.9838194827,0.07908067984
204,-0.9700808015,0.7032645858,-0.538654663,0.005375380838,-0.8770679636,-0.8519163303,0.696598425,0.9976587832,0.05164563286,0.8975936457
205,0.09674135424,-0.9700808015,0.435767444,0.1045196249,0.4262411517,0.5193454374,-0.9795700449,-0.007372343116,-0.9084341362,-0.350798766
206,0.8714825899,0.09674135424,0.799311012,-0.9775462043,0.8853624392,-0.2319155619,0.06547432114,0.9020171712,0.31139216,-0.4522060502
207,-0.4468938989,0.8714825899,-0.709496266,0.07209835726,-0.3956508035,-0.8304457281,-0.7566459445,-0.3346744425,-0.6163384013,-0.6163301183
208,-0.6791873042,-0.4468938989,0.9598107967,-0.3973164521,-0.9962754487,0.5983395615,0.8470475072,-0.03775804108,0.926873924,0.9268482081
209,0.9962290316,-0.6791873042,-0.1311657383,-0.9985933258,0.01174449687,-0.8586691043,-0.537341397,-0.9988031224,-0.2453271734,-0.2454183404
210,-0.01189140964,0.9962290316,0.9251462175,0.004425407919,-0.4434942639,0.4943475173,0.4228940135,0.003764598672,-0.2370767956,-0.2324527328
211,-0.2919959516,-0.01189140964,-0.2514585645,-0.1007689769,-0.7177339556,0.07178159266,0.9109614911,-0.9145250721,-0.6326735684,-0.8126023592
212,0.9721531642,-0.2919959516,0.07282566229,0.2374478202,0.9443149673,-0.2146217569,-0.3022604854,0.289423953,0.9681174506,0.6627580159
213,-0.08986792517,0.9721531642,-0.7471464569,0.6165040165,-0.1841978221,-0.8772737372,0.824253098,-0.9900851111,-0.1032760932,-0.9996138393
214,0.3897558679,-0.08986792517,0.8739132703,-0.9273870485,0.9751889781,0.4254809686,-0.6208676826,0.03145527958,0.8396109377,0.001213627976
215,0.9787689239,0.3897558679,-0.4379019825,0.2435086672,-0.07984417052,0.891407502,0.9401880116,-0.6100097097,-0.5647511265,-0.07616517895
216,-0.06809347817,0.9787689239,-0.7777046249,0.3287578834,-0.9970644467,-0.3734387295,-0.1985310012,0.9057370111,0.6596808369,0.395299794
217,-0.8346079485,-0.06809347817,0.7820683128,-0.1307924561,0.009249333063,-0.8479853711,0.1159670814,-0.3211615311,-0.9987551117,0.9956427274
218,0.5831176881,-0.8346079485,-0.7678244048,0.8970566747,0.3561283331,0.53387742,0.9261037709,0.3496454435,0.003915796778,-0.01374824932
219,-0.7805881485,0.5831176881,0.8133912312,-0.3527599363,0.5673296758,-0.3882226717,-0.2480587427,0.4256652118,-0.9249193257,-0.736379785
220,0.7726820958,-0.7805881485,-0.6599455765,-0.496034254,-0.6784694896,-0.9717495074,-0.09818342772,0.889954562,0.2522647286,0.9021270603
221,-0.7981604544,0.7726820958,0.9988485844,-0.05021233643,0.9966416947,0.09120478516,-0.549070652,-0.3787700425,-0.1125765324,-0.3342746269
222,0.7134775157,-0.7981604544,-0.00362144065,0.262586183,-0.01058578045,0.1118043873,0.5324824254,-0.9046606934,-0.3597968467,-0.02653638771
223,-0.9525842717,0.7134775157,-0.4063575733,-0.5665611597,-0.9944161181,0.1744265709,-0.3739701213,0.3250668677,-0.639005249,0.8373490963
224,0.1557390269,-0.9525842717,-0.9924600357,0.6729323172,0.01763987149,-0.7436950118,-0.8542604192,-0.237384543,0.9792658727,-0.5730631525
225,0.9693582175,0.1557390269,0.02386519026,-0.9990375633,0.8275122629,0.8832317667,0.5106716765,-0.619276983,-0.06646832054,0.7181079894
226,-0.09914379565,0.9693582175,-0.30293522,0.003026492175,-0.6090305053,-0.4034976714,-0.1309248688,0.9356811069,0.1401580037,-0.9435623432
227,-0.2679913161,-0.09914379565,0.8109253587,0.96499107,0.9021964663,-0.9976833631,0.9075262278,-0.214279037,-0.4109554192,0.1868053954
228,0.7470611785,-0.2679913161,-0.6687237726,-0.1137273073,-0.3340221225,0.007294764094,-0.3146779849,-0.8657968859,-0.9781610768,-0.8954757133
229,-0.8741464813,0.7470611785,0.9998949335,-0.6055255335,-0.01943367266,-0.2627364295,0.5301164554,0.4679445553,0.07008330193,0.3585386512
230,0.4370395631,-0.8741464813,-0.0003301109609,0.8889176754,0.9909221707,0.5721855261,-0.3494220044,0.4172478779,0.7474751439,0.6151397621
231,0.7865258983,0.4370395631,0.7793457774,-0.3825776883,-0.02877612971,-0.7122309082,-0.4204591859,0.9477586096,-0.8730130261,-0.9230999919
232,-0.7530412455,0.7865258983,-0.776738855,-0.936716953,-0.7048263712,0.9549009682,-0.927858277,-0.1723035212,0.441231632,0.2587368893
233,0.8574434291,-0.7530412455,0.7851885202,0.2106509463,0.9676301308,-0.1478305158,0.241839658,0.5783112742,0.7425488454,-0.411714395
234,-0.4988869075,0.8574434291,-0.7575001477,0.7133220838,-0.1049014959,-0.6741660238,0.4114316476,-0.7518275516,-0.8862706483,-0.97513495
235,-0.01401828173,-0.4988869075,0.8445496442,-0.9528757709,0.9947109688,0.9986263782,0.9762836486,0.8608895176,0.3923087014,0.08002209044
236,0.8692828786,-0.01401828173,-0.5465601456,0.1547423593,-0.01670355436,-0.004321282491,-0.07624301723,-0.4861228254,0.9881686314,0.999941241
237,-0.4550357205,0.8692828786,0.5100556261,0.9930146694,0.4043505435,0.9626947311,0.356280442,-0.1784036604,-0.03760550099,-0.0001846077439
238,-0.5817445745,-0.4550357205,-0.1235549717,-0.02209763635,0.9964316924,-0.1214389989,0.5704270957,0.9458141832,-0.9586522297,-0.3362051776
239,0.7725768522,-0.5817445745,-0.2897237336,0.7152974276,-0.01125007607,-0.672052265,-0.7002487825,-0.1790121094,0.135086235,-0.08041894746
240,-0.7984940044,0.7725768522,0.9884450334,-0.9491157826,-0.3437939357,0.9992870444,0.9745718676,0.9635437947,-0.9536233465,-0.9791465986